{
    "Compile": {
        "Extensions": [ ".ts" ],
        "ExtensionsWithNoOutput": [ ".d.ts" ],
        "Executable": "%msbuildexe%",
        "Arguments": "/t:CompileTypeScriptForTests "
    },
    "TestFileTimeout": 270000,
    "References": [
        { "Path": "../externals/ThirdPartyIP/JQuery/2.1.3/jquery.min.js" },
        { "Path": "../externals/ThirdPartyIP/D3/d3.min.js" },
        { "Path": "../externals/ThirdPartyIP/JasmineJQuery/jasmine-jquery.js" },
        { "Path": "../externals/ThirdPartyIP/LoDash/lodash.min.js" },
        { "Path": "../externals/ThirdPartyIP/GlobalizeJS/globalize.min.js" },
        { "Path": "../externals/ThirdPartyIP/MomentJS/moment.min.js" },
        { "Path": "../externals/ThirdPartyIP/Velocity/velocity.min.js" },
        { "Path": "../externals/ThirdPartyIP/QuillJS/quill.min.js" },
        
        { "Path": "../JsCommon/obj/Utility.js" },
        { "Path": "../Data/obj/data.js" },
        { "Path": "../Visuals/obj/visuals.js" },
		
        { "Path": "helpers.ts" },
        { "Path": "mocks.ts" },
        { "Path": "tableDataViewHelper.ts" },
        { "Path": "tablixHelper.ts" },
        { "Path": "typedefs/defaultStringsForVisuals.ts" },
        { "Path": "typedefs/localizationLoader.ts"},
        { "Path": "typedefs/localizationService.ts"},
        { "Path": "utils/colorUtility.ts"}
    ],
    "Tests": [
        { "Include": "*.ts" }
    ]
}
